sample,replicate,cond,mut_type,COUNT_REF,COUNT_ALT,total,alt_fraction
WRS_1_H,1,H,C>A,3114077418,2875354,3116952772,0.000922488792845912
WRS_1_H,1,H,C>G,3114077418,1508060,3115585478,0.000484037433942616
WRS_1_H,1,H,C>T,3114077418,4338122,3118415540,0.00139113018914727
WRS_1_H,1,H,T>G,4828701397,3177501,4831878898,0.000657611887027058
WRS_1_H,1,H,T>C,4828701397,6066137,4834767534,0.00125469052179666
WRS_1_H,1,H,T>A,4828701397,3665208,4832366605,0.000758470600348833
WRS_1_L,1,L,T>A,3706068378,2896722,3708965100,0.000781005461604371
WRS_1_L,1,L,T>C,3706068378,4742623,3710811001,0.00127805565918662
WRS_1_L,1,L,T>G,3706068378,2457322,3708525700,0.000662614256657302
WRS_1_L,1,L,C>T,2371917406,3478005,2375395411,0.00146417938836373
WRS_1_L,1,L,C>G,2371917406,1141816,2373059222,0.000481157819162088
WRS_1_L,1,L,C>A,2371917406,2087219,2374004625,0.000879197528943315
WRS_2_H,2,H,T>A,4054799265,3106288,4057905553,0.000765490462857996
WRS_2_H,2,H,T>C,4054799265,4995891,4059795156,0.00123057711239853
WRS_2_H,2,H,T>G,4054799265,2797082,4057596347,0.000689344567768066
WRS_2_H,2,H,C>T,2611099157,3673348,2614772505,0.00140484420460127
WRS_2_H,2,H,C>G,2611099157,1270612,2612369769,0.000486382906079327
WRS_2_H,2,H,C>A,2611099157,2459142,2613558299,0.000940917216555268
WRS_2_L,2,L,T>G,3618920247,2572720,3621492967,0.000710403146835657
WRS_2_L,2,L,T>C,3618920247,4827764,3623748011,0.00133225709551138
WRS_2_L,2,L,T>A,3618920247,2972467,3621892714,0.000820694381285862
WRS_2_L,2,L,C>A,2323491692,2222343,2325714035,0.000955552989987438
WRS_2_L,2,L,C>G,2323491692,1196312,2324688004,0.000514611852404087
WRS_2_L,2,L,C>T,2323491692,3536829,2327028521,0.00151989069668992
WRS_3_H,3,H,T>A,3574204068,2756747,3576960815,0.000770695331198365
WRS_3_H,3,H,T>C,3574204068,4479339,3578683407,0.00125167233045491
WRS_3_H,3,H,T>G,3574204068,2388515,3576592583,0.000667818585586996
WRS_3_H,3,H,C>T,2316991564,3357283,2320348847,0.00144688718006375
WRS_3_H,3,H,C>G,2316991564,1140707,2318132271,0.000492080203649432
WRS_3_H,3,H,C>A,2316991564,2250826,2319242390,0.000970500543498603
WRS_3_L,3,L,C>A,3124872435,3000795,3127873230,0.000959372320853297
WRS_3_L,3,L,C>G,3124872435,1693639,3126566074,0.000541693013969549
WRS_3_L,3,L,C>T,3124872435,4926056,3129798491,0.00157392113714838
WRS_3_L,3,L,T>A,4840798395,3999967,4844798362,0.000825620944593607
WRS_3_L,3,L,T>C,4840798395,6422216,4847220611,0.00132492752350198
WRS_3_L,3,L,T>G,4840798395,3266758,4844065153,0.000674383580075683
