mut_type,n_sites,mean_delta,median_delta,sd_delta,t_statistic,t_p_value,t_ci_low,t_ci_high
C>A,4128671,-1.85811001783569e-05,0,0.00397485499009798,-9.49850539534855,2.13031583244414e-21,-2.2415208419951e-05,-1.47469919367628e-05
C>G,4128673,2.756798272329e-05,0,0.00351754052137263,15.9246949703063,4.28770860001967e-57,2.41749965967134e-05,3.09609688498665e-05
C>T,4128676,9.77992445721525e-05,0,0.00488277426041354,40.6981112896482,0,9.30893686787394e-05,0.000102509120465566
T>A,6668183,2.29947289610081e-05,0,0.00378412107089274,15.6915927047294,1.73064363906126e-55,2.01225636157494e-05,2.58668943062668e-05
T>C,6668184,3.55568911718932e-05,0,0.00446793062836557,20.5504411260109,7.67811335227375e-94,3.21657114730484e-05,3.89480708707381e-05
T>G,6668176,-1.32962949101718e-05,0,0.00358637401976117,-9.57367293057677,1.03206952235048e-21,-1.60183707603736e-05,-1.05742190599701e-05
